{"5": {"diarization": 0.55352954528259, "speaker_classification_f1": {"precision": 0.5002763146124201, "recall": 0.3783783783783784, "f1": 0.3589599885790998, "support": null, "accuracy": 0.3783783783783784}}, "10": {"diarization": 0.4935310584852835, "speaker_classification_f1": {"precision": 0.5585185926433162, "recall": 0.40540540540540543, "f1": 0.3737354029534933, "support": null, "accuracy": 0.40540540540540543}}, "15": {"diarization": 0.4724218809109472, "speaker_classification_f1": {"precision": 0.6075062242804178, "recall": 0.4486486486486487, "f1": 0.406954666449454, "support": null, "accuracy": 0.4486486486486487}}, "20": {"diarization": 0.46001361882424074, "speaker_classification_f1": {"precision": 0.6122548455999959, "recall": 0.43783783783783786, "f1": 0.3885939348439349, "support": null, "accuracy": 0.43783783783783786}}, "25": {"diarization": 0.39910721041083386, "speaker_classification_f1": {"precision": 0.6816300360952313, "recall": 0.4972972972972973, "f1": 0.4395369866634043, "support": null, "accuracy": 0.4972972972972973}}, "30": {"diarization": 0.2842551259741236, "speaker_classification_f1": {"precision": 0.7521253396253396, "recall": 0.6108108108108108, "f1": 0.593621962564597, "support": null, "accuracy": 0.6108108108108108}}}