{"0": {"diarization": 0.4724218809109472, "speaker_classification_f1": {"precision": 0.6081266995217222, "recall": 0.4486486486486487, "f1": 0.40741715024332287, "support": null, "accuracy": 0.4486486486486487}}, "0.1": {"diarization": 0.4724218809109472, "speaker_classification_f1": {"precision": 0.6081266995217222, "recall": 0.4486486486486487, "f1": 0.40741715024332287, "support": null, "accuracy": 0.4486486486486487}}, "0.2": {"diarization": 0.4724218809109472, "speaker_classification_f1": {"precision": 0.6075062242804178, "recall": 0.4486486486486487, "f1": 0.406954666449454, "support": null, "accuracy": 0.4486486486486487}}, "0.3": {"diarization": 0.4724218809109472, "speaker_classification_f1": {"precision": 0.6069438437180372, "recall": 0.4486486486486487, "f1": 0.4065330531058805, "support": null, "accuracy": 0.4486486486486487}}, "0.4": {"diarization": 0.4688658545812205, "speaker_classification_f1": {"precision": 0.6115315315315315, "recall": 0.4540540540540541, "f1": 0.41444149491676135, "support": null, "accuracy": 0.4540540540540541}}, "0.5": {"diarization": 0.4688658545812205, "speaker_classification_f1": {"precision": 0.6115315315315315, "recall": 0.4540540540540541, "f1": 0.41444149491676135, "support": null, "accuracy": 0.4540540540540541}}, "0.6": {"diarization": 0.4647045471740933, "speaker_classification_f1": {"precision": 0.6227279055890557, "recall": 0.4648648648648649, "f1": 0.42756543857486495, "support": null, "accuracy": 0.4648648648648649}}, "0.7": {"diarization": 0.45797079518801476, "speaker_classification_f1": {"precision": 0.6319999707499708, "recall": 0.4702702702702703, "f1": 0.43495777217984055, "support": null, "accuracy": 0.4702702702702703}}, "0.8": {"diarization": 0.44821063781493453, "speaker_classification_f1": {"precision": 0.6872865722865722, "recall": 0.4918918918918919, "f1": 0.4654612602420993, "support": null, "accuracy": 0.4918918918918919}}, "0.9": {"diarization": 0.38881743209502856, "speaker_classification_f1": {"precision": 0.7314033939278333, "recall": 0.5459459459459459, "f1": 0.5269193307853983, "support": null, "accuracy": 0.5459459459459459}}, "1.0": {"diarization": 0.2854656881289242, "speaker_classification_f1": {"precision": 0.6678924905469529, "recall": 0.6162162162162163, "f1": 0.6118869245185035, "support": null, "accuracy": 0.6162162162162163}}}