{
    "0": {
        "diarization": 0.2995028495210379,
        "speaker_classification_f1": {
            "precision": 0.7809372071941805,
            "recall": 0.6079295154185022,
            "f1": 0.6180745826745673,
            "support": null,
            "accuracy": 0.6079295154185022
        }
    },
    "0.1": {
        "diarization": 0.2946526009457985,
        "speaker_classification_f1": {
            "precision": 0.7849606541205514,
            "recall": 0.6167400881057269,
            "f1": 0.6265844056293728,
            "support": null,
            "accuracy": 0.6167400881057269
        }
    },
    "0.2": {
        "diarization": 0.2946526009457985,
        "speaker_classification_f1": {
            "precision": 0.7849606541205514,
            "recall": 0.6167400881057269,
            "f1": 0.6265844056293728,
            "support": null,
            "accuracy": 0.6167400881057269
        }
    },
    "0.3": {
        "diarization": 0.2946526009457985,
        "speaker_classification_f1": {
            "precision": 0.7842373356056089,
            "recall": 0.6167400881057269,
            "f1": 0.6261269666900033,
            "support": null,
            "accuracy": 0.6167400881057269
        }
    },
    "0.4": {
        "diarization": 0.2980477749484662,
        "speaker_classification_f1": {
            "precision": 0.7793863765294188,
            "recall": 0.6123348017621145,
            "f1": 0.6199664953292119,
            "support": null,
            "accuracy": 0.6123348017621145
        }
    },
    "0.5": {
        "diarization": 0.327391778828665,
        "speaker_classification_f1": {
            "precision": 0.7693876754798097,
            "recall": 0.5859030837004405,
            "f1": 0.5904099437620259,
            "support": null,
            "accuracy": 0.5859030837004405
        }
    },
    "0.6": {
        "diarization": 0.3480659633806233,
        "speaker_classification_f1": {
            "precision": 0.7620508486728039,
            "recall": 0.5682819383259912,
            "f1": 0.5711704493176558,
            "support": null,
            "accuracy": 0.5682819383259912
        }
    },
    "0.7": {
        "diarization": 0.3988723172062569,
        "speaker_classification_f1": {
            "precision": 0.7405026835190089,
            "recall": 0.5330396475770925,
            "f1": 0.5341887442565973,
            "support": null,
            "accuracy": 0.5330396475770925
        }
    },
    "0.8": {
        "diarization": 0.46944343397599153,
        "speaker_classification_f1": {
            "precision": 0.7465323191141999,
            "recall": 0.4977973568281938,
            "f1": 0.48730122337165543,
            "support": null,
            "accuracy": 0.4977973568281938
        }
    },
    "0.9": {
        "diarization": 0.5233418212683403,
        "speaker_classification_f1": {
            "precision": 0.7604201263554375,
            "recall": 0.47577092511013214,
            "f1": 0.4549997298155265,
            "support": null,
            "accuracy": 0.47577092511013214
        }
    },
    "1.0": {
        "diarization": 0.5464411301079185,
        "speaker_classification_f1": {
            "precision": 0.7163946279608477,
            "recall": 0.3920704845814978,
            "f1": 0.3587799985690144,
            "support": null,
            "accuracy": 0.3920704845814978
        }
    }
}