{
    "5": {
        "diarization": 0.3349096641202861,
        "speaker_classification_f1": {
            "precision": 0.700572051440152,
            "recall": 0.4933920704845815,
            "f1": 0.5410167596922897,
            "support": null,
            "accuracy": 0.4933920704845815
        }
    },
    "10": {
        "diarization": 0.36116163453376965,
        "speaker_classification_f1": {
            "precision": 0.7568962268724867,
            "recall": 0.5286343612334802,
            "f1": 0.5724411988003156,
            "support": null,
            "accuracy": 0.5286343612334802
        }
    },
    "15": {
        "diarization": 0.2946526009457985,
        "speaker_classification_f1": {
            "precision": 0.7849606541205514,
            "recall": 0.6167400881057269,
            "f1": 0.6265844056293728,
            "support": null,
            "accuracy": 0.6167400881057269
        }
    },
    "20": {
        "diarization": 0.2778586152540317,
        "speaker_classification_f1": {
            "precision": 0.7935870020888667,
            "recall": 0.6343612334801763,
            "f1": 0.6433449253038408,
            "support": null,
            "accuracy": 0.6343612334801763
        }
    },
    "25": {
        "diarization": 0.2796774584697465,
        "speaker_classification_f1": {
            "precision": 0.7977779246477,
            "recall": 0.6299559471365639,
            "f1": 0.6355649636706905,
            "support": null,
            "accuracy": 0.6299559471365639
        }
    },
    "30": {
        "diarization": 0.2708257548199343,
        "speaker_classification_f1": {
            "precision": 0.8101831721875774,
            "recall": 0.6475770925110133,
            "f1": 0.6528581831731669,
            "support": null,
            "accuracy": 0.6475770925110133
        }
    }
}