{"0": {"diarization": 0.4469667820956776, "speaker_classification_f1": {"precision": 0.5516703060950849, "recall": 0.3893805309734513, "f1": 0.42729347911203297, "support": null, "accuracy": 0.3893805309734513}}, "0.1": {"diarization": 0.45350775939463855, "speaker_classification_f1": {"precision": 0.5272765582500096, "recall": 0.37168141592920356, "f1": 0.40600273827648753, "support": null, "accuracy": 0.37168141592920356}}, "0.2": {"diarization": 0.46325509811465915, "speaker_classification_f1": {"precision": 0.5256896495834549, "recall": 0.36283185840707965, "f1": 0.3974158020476981, "support": null, "accuracy": 0.36283185840707965}}, "0.3": {"diarization": 0.46453764268308284, "speaker_classification_f1": {"precision": 0.5138137378845343, "recall": 0.35398230088495575, "f1": 0.3862329658696566, "support": null, "accuracy": 0.35398230088495575}}, "0.4": {"diarization": 0.46453764268308284, "speaker_classification_f1": {"precision": 0.5197250249236255, "recall": 0.35398230088495575, "f1": 0.388305949372691, "support": null, "accuracy": 0.35398230088495575}}, "0.5": {"diarization": 0.47377196357573403, "speaker_classification_f1": {"precision": 0.4920195304693815, "recall": 0.336283185840708, "f1": 0.3665437073230748, "support": null, "accuracy": 0.336283185840708}}, "0.6": {"diarization": 0.4835193022957548, "speaker_classification_f1": {"precision": 0.47731675468304935, "recall": 0.3274336283185841, "f1": 0.3544047999907258, "support": null, "accuracy": 0.3274336283185841}}, "0.7": {"diarization": 0.47915865076311404, "speaker_classification_f1": {"precision": 0.4815320084558252, "recall": 0.3274336283185841, "f1": 0.3601396432920895, "support": null, "accuracy": 0.3274336283185841}}, "0.8": {"diarization": 0.4612030268051814, "speaker_classification_f1": {"precision": 0.48942952715658816, "recall": 0.34513274336283184, "f1": 0.37972743739570797, "support": null, "accuracy": 0.34513274336283184}}, "0.9": {"diarization": 0.44683852763883514, "speaker_classification_f1": {"precision": 0.4549487992486432, "recall": 0.3274336283185841, "f1": 0.3531129637324327, "support": null, "accuracy": 0.3274336283185841}}, "1.0": {"diarization": 0.3712966525586759, "speaker_classification_f1": {"precision": 0.42799023739289227, "recall": 0.4247787610619469, "f1": 0.4197597404799113, "support": null, "accuracy": 0.4247787610619469}}}