{"5": {"diarization": 0.5604719764011804, "speaker_classification_f1": {"precision": 0.5205243944161448, "recall": 0.36283185840707965, "f1": 0.351988696693417, "support": null, "accuracy": 0.36283185840707965}}, "10": {"diarization": 0.39989739643452604, "speaker_classification_f1": {"precision": 0.5703807805972606, "recall": 0.46017699115044247, "f1": 0.45502715633404145, "support": null, "accuracy": 0.46017699115044247}}, "15": {"diarization": 0.47620879825574003, "speaker_classification_f1": {"precision": 0.49539238075061565, "recall": 0.37168141592920356, "f1": 0.35094013317068706, "support": null, "accuracy": 0.37168141592920356}}, "20": {"diarization": 0.4486340900346297, "speaker_classification_f1": {"precision": 0.5894938490091037, "recall": 0.4247787610619469, "f1": 0.39403131202915304, "support": null, "accuracy": 0.4247787610619469}}, "25": {"diarization": 0.3796331922534317, "speaker_classification_f1": {"precision": 0.6601074994327206, "recall": 0.49557522123893805, "f1": 0.46910540114878563, "support": null, "accuracy": 0.49557522123893805}}, "30": {"diarization": 0.29126587148903416, "speaker_classification_f1": {"precision": 0.740622282002451, "recall": 0.5486725663716814, "f1": 0.5332483022940891, "support": null, "accuracy": 0.5486725663716814}}}